user_id,split
u:0Bk,test
u:27Z,test
u:F-1,test
u:FHQ,test
u:QMy,test
u:T2u,test
u:TLP,test
u:Tkv,test
u:b8Pz,test
u:bCGV,test
u:bL2p,test
u:bLe,test
u:bOLd,test
u:bOyd,test
u:bUgR,test
u:bfFF,test
u:bn4S,test
u:brl7,test
u:btP2,test
u:byIx,test
u:c2ZP,test
u:c6A,test
u:c82z,test
u:c9Cx,test
u:cCyG,test
u:cI-F,test
u:cMxP,test
u:cWot,test
u:ce_I,test
u:ci8-,test
u:ck9O,test
u:cuTZ,test
u:cxS,test
u:cxVo,test
u:d1Fa,test
u:dAvM,test
u:dEjI,test
u:dF-J,test
u:dT0H,test
u:dVex,test
u:dZYW,test
u:dfIK,test
u:di2K,test
u:dkhs,test
u:dvO3,test
u:dw5M,test
u:dy3y,test
u:e-ED,test
u:eBEX,test
u:eFdg,test
u:eOrw,test
u:eVGf,test
u:eXMh,test
u:eaeD,test
u:efwH,test
u:eoeK,test
u:eoxa,test
u:ew2X,test
u:ewhK,test
u:exXV,test
u:exhi,test
u:ezAS,test
u:f-t-,test
u:f0y2,test
u:f1tK,test
u:f3Kn,test
u:f4OL,test
u:f5v3,test
u:f76e,test
u:f7JJ,test
u:f7PT,test
u:f7XR,test
u:fBZX,test
u:fCnJ,test
u:fD6F,test
u:fDgs,test
u:fDrH,test
u:fEWh,test
u:fGS6,test
u:fJY7,test
u:fMCK,test
u:fMMW,test
u:fOQL,test
u:fPWC,test
u:fVhd,test
u:fXRA,test
u:fXaT,test
u:fZmC,test
u:faSn,test
u:fbGE,test
u:fjRs,test
u:fjub,test
u:fnsl,test
u:fobk,test
u:fuml,test
u:fv5p,test
u:fwCn,test
u:g-Ml,test
u:g253,test
u:g2J8,test
u:g344,test
u:g3DX,test
u:g3PU,test
u:g3_U,test
u:g5Da,test
u:g6TR,test
u:g7HZ,test
u:g7Jq,test
u:g9aS,test
u:gAyw,test
u:gCiw,test
u:gDwD,test
u:gEN9,test
u:gEQP,test
u:gF2w,test
u:gHIX,test
u:gIDD,test
u:gLv9,test
u:gPc7,test
u:gQf1,test
u:gTTS,test
u:gTcB,test
u:gTqe,test
u:gUlQ,test
u:gdQM,test
u:gdf6,test
u:gdt3,test
u:ggQQ,test
u:gn-B,test
u:gn1t,test
u:goqW,test
u:gpTH,test
u:gq2K,test
u:gria,test
u:guHV,test
u:h0gO,test
u:h15h,test
u:h1NI,test
u:h2On,test
u:h567,test
u:h5df,test
u:h5s7,test
u:h6Q8,test
u:h6Xq,test
u:h6ma,test
u:h9TI,test
u:hAog,test
u:hBEM,test
u:hCbS,test
u:hDp_,test
u:hF5g,test
u:hGBQ,test
u:hGW6,test
u:hGYp,test
u:hHFO,test
u:hHxK,test
u:hI6n,test
u:hLxA,test
u:hNgu,test
u:hOHJ,test
u:hOol,test
u:hPAx,test
u:hPpK,test
u:hQ1T,test
u:hQgR,test
u:hSa4,test
u:hSjq,test
u:hSrp,test
u:hU4h,test
u:hU5_,test
u:hUIe,test
u:hVQe,test
u:hVw8,test
u:hWG-,test
u:hWM,test
u:hXiW,test
u:hXyD,test
u:hY4F,test
u:hYHr,test
u:hYLZ,test
u:hY_Y,test
u:hZJ-,test
u:h_TE,test
u:h_om,test
u:hbDn,test
u:hbcD,test
u:hcGX,test
u:hcMp,test
u:hdm-,test
u:heMC,test
u:hfRG,test
u:hiKF,test
u:hler,test
u:hmic,test
u:hnOV,test
u:hnWo,test
u:hnd5,test
u:hr_G,test
u:hscp,test
u:hukI,test
u:hv4L,test
u:hv9m,test
u:hvz_,test
u:i08R,test
u:i0zE,test
u:i1GS,test
u:i1n-,test
u:i2CC,test
u:i2Rt,test
u:i2Uj,test
u:i2YE,test
u:i2dK,test
u:i2oo,test
u:i2yp,test
u:i3RY,test
u:i3lg,test
u:i3qy,test
u:i42I,test
u:i4A-,test
u:i4GN,test
u:i4af,test
u:i5FZ,test
u:i5Q5,test
u:i5VT,test
u:i5nN,test
u:i5sB,test
u:i6NY,test
u:i6YP,test
u:i7q7,test
u:i8E1,test
u:i8Nl,test
u:i8Su,test
u:i8k-,test
u:i8yV,test
u:i9hP,test
u:iBk0,test
u:iCEL,test
u:iCdW,test
u:iD2v,test
u:iDSC,test
u:iDuc,test
u:iDzP,test
u:iEVs,test
u:iEsh,test
u:iEyr,test
u:iF6n,test
u:iFRQ,test
u:iFlq,test
u:iG4r,test
u:iH4a,test
u:iH4d,test
u:iHIf,test
u:iHMb,test
u:iHMx,test
u:iIMO,test
u:iIWd,test
u:iIZo,test
u:iIkG,test
u:iIxX,test
u:iJK4,test
u:iJUv,test
u:iKMg,test
u:iKl0,test
u:iKuH,test
u:iL7W,test
u:iLE7,test
u:iLSA,test
u:iLSc,test
u:iL_R,test
u:iLjA,test
u:iM0u,test
u:iN8N,test
u:iNSL,test
u:iNUL,test
u:iNfA,test
u:iNhX,test
u:iOBp,test
u:iO_L,test
u:iOfn,test
u:iP2A,test
u:iP6S,test
u:iPDE,test
u:iPQT,test
u:iPmJ,test
u:iQOK,test
u:iQPx,test
u:iQ_L,test
u:iQmJ,test
u:iRJI,test
u:iRLU,test
u:iRaa,test
u:iSTp,test
u:iSUN,test
u:iScW,test
u:iSlQ,test
u:iSm7,test
u:iStc,test
u:iT0u,test
u:iT5a,test
u:iTRl,test
u:iTg4,test
u:iTgq,test
u:iTnD,test
u:iUF4,test
u:iUNh,test
u:iUS8,test
u:iUVw,test
u:iVAK,test
u:iVQC,test
u:iWOi,test
u:iYDz,test
u:iYT9,test
u:iYqQ,test
u:iYr8,test
u:iYua,test
u:iYxs,test
u:iZ6O,test
u:iZg3,test
u:i_Id,test
u:i_al,test
u:i_zq,test
u:iaYJ,test
u:iaxJ,test
u:ib9W,test
u:icek,test
u:icsa,test
u:idWc,test
u:idsO,test
u:ie0d,test
u:ie56,test
u:iek-,test
u:ifU0,test
u:igi5,test
u:ihMR,test
u:ihNG,test
u:iiH2,test
u:iidY,test
u:iiro,test
u:ij5f,test
u:ikYM,test
u:imkC,test
u:inFG,test
u:ioKp,test
u:ioxu,test
u:ipI3,test
u:ipYN,test
u:irjd,test
u:isH4,test
u:it-L,test
u:iu4P,test
u:iv-a,test
u:iv7K,test
u:ivRX,test
u:iwNd,test
u:iwto,test
u:iyEa,test
u:iyJM,test
u:iz2g,test
u:izPG,test
u:izUR,test
u:izoP,test
u:izpx,test
u:jaNb,test
u:jcjr,test
u:jczC,test
u:jfT0,test
u:jfi_,test
u:jfqQ,test
u:jgG5,test
u:jguk,test
u:jhnh,test
u:jhqd,test
u:x3K,test
u:zaa,test
u:zs4,test
u:-7U,cv
u:0H7,cv
u:0UD,cv
u:1EF,cv
u:1_V,cv
u:1gI,cv
u:1q,cv
u:2KP,cv
u:33s,cv
u:3v0,cv
u:4j2,cv
u:6-4,cv
u:6AU,cv
u:7fK,cv
u:7jh,cv
u:8Ll,cv
u:9Q3,cv
u:AKN,cv
u:B6q,cv
u:Bqu,cv
u:Bxg,cv
u:Cug,cv
u:D0K,cv
u:DX1,cv
u:Dga,cv
u:EKn,cv
u:FeL,cv
u:G3o,cv
u:HDu,cv
u:Ih5,cv
u:MNy,cv
u:MT3,cv
u:MUr,cv
u:Mh8,cv
u:N8d,cv
u:NE7,cv
u:Nri,cv
u:OjR,cv
u:P4O,cv
u:PRZ,cv
u:Pk9,cv
u:S-k,cv
u:Tkf,cv
u:VKR,cv
u:W3g,cv
u:Y11,cv
u:_HV,cv
u:_WY,cv
u:b-Av,cv
u:b-IJ,cv
u:b-o3,cv
u:b02E,cv
u:b1M9,cv
u:b1pm,cv
u:b3Cz,cv
u:b3GS,cv
u:b3nr,cv
u:b3wC,cv
u:b6bW,cv
u:bALj,cv
u:bAo4,cv
u:bEoD,cv
u:bI8,cv
u:bLH,cv
u:bLjj,cv
u:bM0-,cv
u:bOR0,cv
u:bPWi,cv
u:bQKs,cv
u:bUo6,cv
u:bVzq,cv
u:bXvT,cv
u:bYQS,cv
u:bYo8,cv
u:bZ5r,cv
u:bZ98,cv
u:bZzv,cv
u:b_Iy,cv
u:b_o2,cv
u:basq,cv
u:bbHL,cv
u:bbdo,cv
u:bcCQ,cv
u:bcXt,cv
u:bci-,cv
u:beag,cv
u:bfVh,cv
u:bk0R,cv
u:blIM,cv
u:blaW,cv
u:blyZ,cv
u:bmy,cv
u:bnVW,cv
u:bnhe,cv
u:boeQ,cv
u:bqAE,cv
u:bscG,cv
u:bt3z,cv
u:buOK,cv
u:bxGm,cv
u:byno,cv
u:bz-0,cv
u:c-qr,cv
u:c11O,cv
u:c2QP,cv
u:c3IK,cv
u:c5JW,cv
u:c5Rk,cv
u:c63a,cv
u:cAj3,cv
u:cCIu,cv
u:cEFF,cv
u:cEbB,cv
u:cEcf,cv
u:cFSQ,cv
u:cH6q,cv
u:cIuY,cv
u:cJRa,cv
u:cKfv,cv
u:cLjv,cv
u:cMpI,cv
u:cO-Y,cv
u:cPRs,cv
u:cPrI,cv
u:cRcd,cv
u:cReX,cv
u:cRjq,cv
u:cUev,cv
u:cW3q,cv
u:cWTo,cv
u:cXFo,cv
u:cXNX,cv
u:cXOb,cv
u:cXTs,cv
u:ca_m,cv
u:cbZz,cv
u:ccYR,cv
u:cd3N,cv
u:chj5,cv
u:ck1C,cv
u:clMJ,cv
u:cnmH,cv
u:cpGK,cv
u:cq_a,cv
u:cqth,cv
u:crYe,cv
u:ctq0,cv
u:cum_,cv
u:cvKF,cv
u:cwkz,cv
u:cx4I,cv
u:cx6o,cv
u:cxVG,cv
u:cysm,cv
u:cyua,cv
u:czPr,cv
u:czYE,cv
u:d-s,cv
u:d2Sq,cv
u:d2Xj,cv
u:d3sZ,cv
u:d4mK,cv
u:d58b,cv
u:d5Ot,cv
u:d5on,cv
u:d63-,cv
u:d6xM,cv
u:d7H,cv
u:d7_G,cv
u:d83i,cv
u:d88l,cv
u:d8BS,cv
u:d8mQ,cv
u:dA7v,cv
u:dBFO,cv
u:dCjY,cv
u:dD0k,cv
u:dEBM,cv
u:dFJC,cv
u:dFYh,cv
u:dGJv,cv
u:dGOV,cv
u:dHXi,cv
u:dHg,cv
u:dHky,cv
u:dI7x,cv
u:dICf,cv
u:dKK7,cv
u:dKif,cv
u:dKz5,cv
u:dLR6,cv
u:dM5m,cv
u:dNCV,cv
u:dQ0i,cv
u:dQWd,cv
u:dRKb,cv
u:dRPG,cv
u:dS4N,cv
u:dSj9,cv
u:dUMT,cv
u:dUs7,cv
u:dUt_,cv
u:dVZU,cv
u:dVm6,cv
u:dXKM,cv
u:dXSH,cv
u:dZPY,cv
u:dZSv,cv
u:dcad,cv
u:ddGV,cv
u:df3h,cv
u:df_9,cv
u:dgB0,cv
u:dgVS,cv
u:dgo0,cv
u:di6,cv
u:diYn,cv
u:dijq,cv
u:djC6,cv
u:djEl,cv
u:dl8H,cv
u:dlE2,cv
u:dm3x,cv
u:dm5s,cv
u:dmHx,cv
u:dmco,cv
u:do6C,cv
u:do9a,cv
u:dpD7,cv
u:dpWe,cv
u:dqxS,cv
u:drBb,cv
u:drS,cv
u:drep,cv
u:dsCY,cv
u:dsv_,cv
u:du3x,cv
u:dv2W,cv
u:dvSi,cv
u:dvjk,cv
u:dw5N,cv
u:dwqG,cv
u:dxoe,cv
u:dyJZ,cv
u:dyY2,cv
u:e-0J,cv
u:e-G1,cv
u:e0PS,cv
u:e0v7,cv
u:e1kG,cv
u:e1qk,cv
u:e20,cv
u:e39C,cv
u:e3x4,cv
u:e4aA,cv
u:e5J9,cv
u:e5O9,cv
u:e66D,cv
u:e7w9,cv
u:e86L,cv
u:e8g5,cv
u:e8we,cv
u:e9CX,cv
u:e9vY,cv
u:eAlV,cv
u:eBN1,cv
u:eBn6,cv
u:eEJA,cv
u:eEZu,cv
u:eEot,cv
u:eHIO,cv
u:eHOy,cv
u:eI1f,cv
u:eIRV,cv
u:eIwr,cv
u:eJ-8,cv
u:eLVy,cv
u:eNgP,cv
u:eOg0,cv
u:eOh0,cv
u:eOjX,cv
u:ePZq,cv
u:ePcH,cv
u:eRCY,cv
u:eSOr,cv
u:eTzY,cv
u:eU8-,cv
u:eUCQ,cv
u:eUQ3,cv
u:eV0Z,cv
u:eVC1,cv
u:eVJG,cv
u:eVMC,cv
u:eVWK,cv
u:eWWB,cv
u:eXxI,cv
u:eY-W,cv
u:eY7k,cv
u:eYTX,cv
u:eZKh,cv
u:eZVK,cv
u:eZky,cv
u:e_2d,cv
u:e_8x,cv
u:e_La,cv
u:e_Wz,cv
u:e_Zl,cv
u:eaM6,cv
u:edFk,cv
u:ee3X,cv
u:efXZ,cv
u:egfQ,cv
u:ehvc,cv
u:eiPI,cv
u:eisr,cv
u:eixB,cv
u:ekD9,cv
u:elJd,cv
u:elOa,cv
u:elU6,cv
u:emb,cv
u:emld,cv
u:enns,cv
u:eoCF,cv
u:eouL,cv
u:eqCr,cv
u:erHm,cv
u:erxx,cv
u:esch,cv
u:etF3,cv
u:etwm,cv
u:evVn,cv
u:evhc,cv
u:evkG,cv
u:evvw,cv
u:exEE,cv
u:eyEe,cv
u:eyQ4,cv
u:ez-N,cv
u:ezKl,cv
u:ezgT,cv
u:ezi4,cv
u:f-YC,cv
u:f-lT,cv
u:f-yH,cv
u:f0Eg,cv
u:f0Ju,cv
u:f0gS,cv
u:f0lA,cv
u:f13I,cv
u:f1s4,cv
u:f2HL,cv
u:f2UA,cv
u:f2vR,cv
u:f3cb,cv
u:f43G,cv
u:f4aL,cv
u:f4xH,cv
u:f4xQ,cv
u:f5-U,cv
u:f50U,cv
u:f5Zo,cv
u:f656,cv
u:f6rN,cv
u:f6zA,cv
u:f7dH,cv
u:f7iQ,cv
u:f7sI,cv
u:f83g,cv
u:f880,cv
u:f8V7,cv
u:f8ql,cv
u:f9-T,cv
u:f9J-,cv
u:f9cl,cv
u:f9dl,cv
u:f9r-,cv
u:f9x7,cv
u:fAHT,cv
u:fANa,cv
u:fAbC,cv
u:fAir,cv
u:fBbo,cv
u:fBdD,cv
u:fBjW,cv
u:fBol,cv
u:fC5N,cv
u:fC6w,cv
u:fCCY,cv
u:fCjQ,cv
u:fDvW,cv
u:fEHr,cv
u:fEOG,cv
u:fEZR,cv
u:fEfC,cv
u:fEhJ,cv
u:fF6G,cv
u:fF9F,cv
u:fFLg,cv
u:fG-g,cv
u:fG4R,cv
u:fH96,cv
u:fIUC,cv
u:fIUD,cv
u:fIaD,cv
u:fIyY,cv
u:fJQ2,cv
u:fJUl,cv
u:fJdK,cv
u:fKD5,cv
u:fKjH,cv
u:fKlV,cv
u:fL5x,cv
u:fLID,cv
u:fLNT,cv
u:fL_2,cv
u:fM1O,cv
u:fMCT,cv
u:fMLE,cv
u:fMWr,cv
u:fMYT,cv
u:fNTB,cv
u:fNZX,cv
u:fNzW,cv
u:fOF3,cv
u:fOKz,cv
u:fOL5,cv
u:fOLB,cv
u:fPtq,cv
u:fQ4F,cv
u:fQ5X,cv
u:fQBA,cv
u:fQCh,cv
u:fQg_,cv
u:fQnS,cv
u:fR3c,cv
u:fRPV,cv
u:fRcL,cv
u:fRfV,cv
u:fSHY,cv
u:fSTh,cv
u:fS_s,cv
u:fSjk,cv
u:fT4H,cv
u:fTQL,cv
u:fTY-,cv
u:fTk8,cv
u:fUDU,cv
u:fUPu,cv
u:fV2v,cv
u:fVS4,cv
u:fVXc,cv
u:fVwc,cv
u:fWSz,cv
u:fX4E,cv
u:fXBQ,cv
u:fXU4,cv
u:fXWg,cv
u:fXdG,cv
u:fXhk,cv
u:fYOI,cv
u:fYS_,cv
u:fZW,cv
u:fZkY,cv
u:f_do,cv
u:f_sJ,cv
u:faXY,cv
u:fb9w,cv
u:fbkm,cv
u:fcVZ,cv
u:fcXI,cv
u:fd7X,cv
u:feXi,cv
u:ff6l,cv
u:ffZX,cv
u:ffjO,cv
u:ffm3,cv
u:fgT9,cv
u:fgYx,cv
u:fgbu,cv
u:fgfn,cv
u:fh9l,cv
u:fhJv,cv
u:fhar,cv
u:fhuE,cv
u:fhur,cv
u:fify,cv
u:fiiT,cv
u:fjl8,cv
u:fjpP,cv
u:fkL8,cv
u:fkNT,cv
u:fl1O,cv
u:flHG,cv
u:flJ4,cv
u:flfb,cv
u:fmh3,cv
u:fms6,cv
u:fnCk,cv
u:fnHX,cv
u:fnRP,cv
u:fp2N,cv
u:fp2t,cv
u:fpON,cv
u:fpgw,cv
u:fpyr,cv
u:fq0C,cv
u:fqH3,cv
u:fqSQ,cv
u:fqTs,cv
u:frRu,cv
u:ftwc,cv
u:ftwi,cv
u:fuWf,cv
u:furX,cv
u:fv-r,cv
u:fv5i,cv
u:fvHR,cv
u:fva-,cv
u:fvm3,cv
u:fw0V,cv
u:fw0a,cv
u:fw90,cv
u:fwOM,cv
u:fwX1,cv
u:fwlC,cv
u:fwnw,cv
u:fxYB,cv
u:fy1m,cv
u:fyU5,cv
u:fydE,cv
u:fz2d,cv
u:fz6m,cv
u:fzXp,cv
u:fzaR,cv
u:fzi2,cv
u:fzpr,cv
u:g-2C,cv
u:g-Ah,cv
u:g-D7,cv
u:g-LD,cv
u:g-Qg,cv
u:g-Uw,cv
u:g-W7,cv
u:g0Iz,cv
u:g0KC,cv
u:g0KM,cv
u:g0L8,cv
u:g0Vb,cv
u:g0hh,cv
u:g0rA,cv
u:g10G,cv
u:g18k,cv
u:g1C2,cv
u:g1Yq,cv
u:g1f-,cv
u:g2-p,cv
u:g29J,cv
u:g34s,cv
u:g3GV,cv
u:g3PN,cv
u:g3WM,cv
u:g3eQ,cv
u:g3qW,cv
u:g3wk,cv
u:g40f,cv
u:g4Fz,cv
u:g4OK,cv
u:g4Wr,cv
u:g4in,cv
u:g5TZ,cv
u:g5U6,cv
u:g5fU,cv
u:g5nQ,cv
u:g5xf,cv
u:g62C,cv
u:g68L,cv
u:g6HY,cv
u:g6XD,cv
u:g6Zb,cv
u:g6mN,cv
u:g6tk,cv
u:g6wj,cv
u:g7Bf,cv
u:g7Bh,cv
u:g7Qz,cv
u:g7ue,cv
u:g85i,cv
u:g8CF,cv
u:g8oF,cv
u:g8qJ,cv
u:g95i,cv
u:g9Pk,cv
u:g9uZ,cv
u:gAEz,cv
u:gAFm,cv
u:gANt,cv
u:gAfC,cv
u:gAuM,cv
u:gAv6,cv
u:gBPo,cv
u:gBnK,cv
u:gCN8,cv
u:gCpM,cv
u:gD7p,cv
u:gDWH,cv
u:gD_1,cv
u:gDix,cv
u:gDwf,cv
u:gE5w,cv
u:gEet,cv
u:gEqk,cv
u:gF7b,cv
u:gFKC,cv
u:gFKK,cv
u:gFlO,cv
u:gFoA,cv
u:gGCp,cv
u:gGMP,cv
u:gHOY,cv
u:gHrj,cv
u:gHwu,cv
u:gI2g,cv
u:gIqf,cv
u:gJO1,cv
u:gJuf,cv
u:gK6s,cv
u:gKeu,cv
u:gKqS,cv
u:gLLE,cv
u:gLb9,cv
u:gLwj,cv
u:gMOi,cv
u:gMW5,cv
u:gMk4,cv
u:gMrE,cv
u:gN-E,cv
u:gNA1,cv
u:gNQ6,cv
u:gNoI,cv
u:gNwR,cv
u:gO8B,cv
u:gOZn,cv
u:gPM6,cv
u:gPMt,cv
u:gPNe,cv
u:gPOi,cv
u:gPaf,cv
u:gPdw,cv
u:gPls,cv
u:gPtN,cv
u:gQ2M,cv
u:gQ5d,cv
u:gQBN,cv
u:gQXD,cv
u:gQ_c,cv
u:gQeW,cv
u:gQog,cv
u:gQuK,cv
u:gRVs,cv
u:gRXg,cv
u:gRaS,cv
u:gRcx,cv
u:gRrk,cv
u:gRv8,cv
u:gRzi,cv
u:gSGt,cv
u:gSOJ,cv
u:gSOT,cv
u:gSVk,cv
u:gS_J,cv
u:gSt6,cv
u:gT6N,cv
u:gT7h,cv
u:gTIV,cv
u:gTar,cv
u:gTjp,cv
u:gTn4,cv
u:gU0M,cv
u:gU4r,cv
u:gU7c,cv
u:gULF,cv
u:gUU0,cv
u:gUxQ,cv
u:gVC_,cv
u:gVVe,cv
u:gVbE,cv
u:gViH,cv
u:gWE5,cv
u:gWH0,cv
u:gWHr,cv
u:gWIb,cv
u:gWKC,cv
u:gWUo,cv
u:gWYE,cv
u:gX7g,cv
u:gXb4,cv
u:gXyJ,cv
u:gY71,cv
u:gZEd,cv
u:gZF7,cv
u:gZHQ,cv
u:gZJW,cv
u:gZUS,cv
u:gZ_n,cv
u:g_6r,cv
u:g_8U,cv
u:g_GB,cv
u:g_OK,cv
u:g_RA,cv
u:g_XY,cv
u:g__o,cv
u:g_l2,cv
u:g_lX,cv
u:gaKC,cv
u:gatr,cv
u:gaxF,cv
u:gbPR,cv
u:gbop,cv
u:gcOV,cv
u:gcT5,cv
u:gdZ1,cv
u:geA1,cv
u:geU7,cv
u:ge_H,cv
u:geqe,cv
u:gfIy,cv
u:gfTF,cv
u:gfTL,cv
u:gfyw,cv
u:ggCw,cv
u:ggI5,cv
u:gghi,cv
u:ggkF,cv
u:gguI,cv
u:ghPK,cv
u:ghQZ,cv
u:giL_,cv
u:gibU,cv
u:gila,cv
u:gl-u,cv
u:gl1E,cv
u:gl97,cv
u:glSR,cv
u:glXD,cv
u:glh_,cv
u:gm4l,cv
u:gmJX,cv
u:gmb4,cv
u:gmqq,cv
u:gn4Z,cv
u:gnDM,cv
u:gnsk,cv
u:goQl,cv
u:gp2b,cv
u:gpAH,cv
u:gpCe,cv
u:gpGP,cv
u:gqKQ,cv
u:gqQg,cv
u:gqVz,cv
u:gqbL,cv
u:gqj3,cv
u:gqkI,cv
u:gsTJ,cv
u:gtHy,cv
u:gtPt,cv
u:gtY5,cv
u:guki,cv
u:gv1y,cv
u:gvIQ,cv
u:gvJr,cv
u:gvzA,cv
u:gwEM,cv
u:gwnt,cv
u:gwwS,cv
u:gwy0,cv
u:gxYL,cv
u:gxid,cv
u:gyaF,cv
u:gyeS,cv
u:gyyb,cv
u:gzMw,cv
u:gzdM,cv
u:gzfv,cv
u:gziL,cv
u:h-95,cv
u:h-C2,cv
u:h-Ft,cv
u:h-M8,cv
u:h-UZ,cv
u:h-Uh,cv
u:h-a0,cv
u:h-cB,cv
u:h-gI,cv
u:h-k3,cv
u:h-xB,cv
u:h0Dn,cv
u:h0MD,cv
u:h0cT,cv
u:h0f8,cv
u:h0s,cv
u:h14a,cv
u:h14l,cv
u:h154,cv
u:h1Wl,cv
u:h1mx,cv
u:h1ui,cv
u:h1wl,cv
u:h21n,cv
u:h24S,cv
u:h29z,cv
u:h2GV,cv
u:h2S1,cv
u:h2SZ,cv
u:h2h0,cv
u:h33i,cv
u:h37z,cv
u:h38m,cv
u:h3Mm,cv
u:h3WL,cv
u:h3X2,cv
u:h3ZG,cv
u:h3bc,cv
u:h3dN,cv
u:h3l3,cv
u:h3lo,cv
u:h46M,cv
u:h4OY,cv
u:h4RE,cv
u:h4RZ,cv
u:h4qb,cv
u:h4qp,cv
u:h5JQ,cv
u:h5fd,cv
u:h5gK,cv
u:h5vr,cv
u:h612,cv
u:h6DN,cv
u:h6T2,cv
u:h6h0,cv
u:h6ns,cv
u:h6q-,cv
u:h6wZ,cv
u:h7-z,cv
u:h7FK,cv
u:h7La,cv
u:h7Uc,cv
u:h7rm,cv
u:h82J,cv
u:h8By,cv
u:h8CF,cv
u:h8JA,cv
u:h8OF,cv
u:h8W1,cv
u:h8YF,cv
u:h8ft,cv
u:h8h8,cv
u:h8hv,cv
u:h8xS,cv
u:h928,cv
u:h93i,cv
u:h94D,cv
u:h95N,cv
u:h97l,cv
u:h98m,cv
u:h9EC,cv
u:h9G9,cv
u:h9Gx,cv
u:h9Y3,cv
u:h9Zp,cv
u:h9_J,cv
u:h9f9,cv
u:h9tX,cv
u:h9ya,cv
u:h9yw,cv
u:hA0k,cv
u:hA35,cv
u:hA3M,cv
u:hA5O,cv
u:hA9K,cv
u:hAC-,cv
u:hAOv,cv
u:hAbL,cv
u:hAbs,cv
u:hAdp,cv
u:hAke,cv
u:hB-A,cv
u:hB2J,cv
u:hBfG,cv
u:hBkd,cv
u:hBkj,cv
u:hBpJ,cv
u:hBrR,cv
u:hCFg,cv
u:hCQR,cv
u:hCUi,cv
u:hCo2,cv
u:hCsK,cv
u:hDeU,cv
u:hE5M,cv
u:hE6b,cv
u:hEET,cv
u:hEb9,cv
u:hEdM,cv
u:hEjQ,cv
u:hEtK,cv
u:hEte,cv
u:hF4_,cv
u:hF5a,cv
u:hFD-,cv
u:hFDM,cv
u:hFSE,cv
u:hFg-,cv
u:hFgQ,cv
u:hFq-,cv
u:hG2P,cv
u:hGAs,cv
u:hGUO,cv
u:hGti,cv
u:hH-E,cv
u:hH8e,cv
u:hH9N,cv
u:hHGQ,cv
u:hHHf,cv
u:hHQ9,cv
u:hHql,cv
u:hHvg,cv
u:hIGR,cv
u:hIIm,cv
u:hIKu,cv
u:hIO9,cv
u:hITt,cv
u:hIn6,cv
u:hItt,cv
u:hIuR,cv
u:hJ0l,cv
u:hJ2Q,cv
u:hJ97,cv
u:hJBG,cv
u:hJBm,cv
u:hJXC,cv
u:hJcG,cv
u:hJn-,cv
u:hKBK,cv
u:hKNx,cv
u:hKT0,cv
u:hL9Z,cv
u:hLIY,cv
u:hLNa,cv
u:hLQR,cv
u:hLdB,cv
u:hLiD,cv
u:hLk_,cv
u:hLnX,cv
u:hMUg,cv
u:hMZn,cv
u:hMhN,cv
u:hMj6,cv
u:hMkf,cv
u:hMq3,cv
u:hMxY,cv
u:hN9-,cv
u:hNSU,cv
u:hNYa,cv
u:hNfR,cv
u:hNn_,cv
u:hNxg,cv
u:hO0Z,cv
u:hO3b,cv
u:hOAK,cv
u:hOI3,cv
u:hOLl,cv
u:hOpw,cv
u:hOq9,cv
u:hP30,cv
u:hP9O,cv
u:hPBA,cv
u:hPFk,cv
u:hPGl,cv
u:hPW8,cv
u:hPlC,cv
u:hPoO,cv
u:hPvK,cv
u:hPzN,cv
u:hQ7K,cv
u:hQ7Y,cv
u:hQAn,cv
u:hQEJ,cv
u:hQPS,cv
u:hQb_,cv
u:hQmO,cv
u:hQnI,cv
u:hQtx,cv
u:hQu2,cv
u:hR5U,cv
u:hR62,cv
u:hR7V,cv
u:hRUu,cv
u:hRWv,cv
u:hRdo,cv
u:hRhC,cv
u:hRuL,cv
u:hSBv,cv
u:hSNV,cv
u:hSSV,cv
u:hSUc,cv
u:hSdK,cv
u:hSdS,cv
u:hSh6,cv
u:hTDU,cv
u:hT_5,cv
u:hTjQ,cv
u:hTqM,cv
u:hTuS,cv
u:hU2Q,cv
u:hUDE,cv
u:hUdG,cv
u:hUdK,cv
u:hUnC,cv
u:hUnY,cv
u:hUoU,cv
u:hUrq,cv
u:hV-d,cv
u:hVDL,cv
u:hVQf,cv
u:hVVR,cv
u:hVWi,cv
u:hVXi,cv
u:hViD,cv
u:hVkw,cv
u:hVq1,cv
u:hVyZ,cv
u:hW9P,cv
u:hWIv,cv
u:hWfj,cv
u:hWhi,cv
u:hWt9,cv
u:hX-O,cv
u:hX3F,cv
u:hX6T,cv
u:hXHE,cv
u:hXMz,cv
u:hXtR,cv
u:hYIJ,cv
u:hYT8,cv
u:hYWm,cv
u:hYaI,cv
u:hYhS,cv
u:hYkU,cv
u:hYuH,cv
u:hYuo,cv
u:hYvR,cv
u:hYzr,cv
u:hZ0c,cv
u:hZJh,cv
u:hZPJ,cv
u:hZQ3,cv
u:hZTs,cv
u:hZZd,cv
u:hZfX,cv
u:hZp9,cv
u:h_8B,cv
u:h_AB,cv
u:h_CQ,cv
u:h_SE,cv
u:h_kG,cv
u:h_lT,cv
u:h_rq,cv
u:h_u8,cv
u:h_vv,cv
u:h_zZ,cv
u:h_zv,cv
u:haVC,cv
u:harw,cv
u:hb31,cv
u:hb9w,cv
u:hbBJ,cv
u:hbLA,cv
u:hbho,cv
u:hblU,cv
u:hc69,cv
u:hcG5,cv
u:hcRi,cv
u:hcf2,cv
u:hchN,cv
u:hcjP,cv
u:hcrV,cv
u:hcx8,cv
u:hczQ,cv
u:hdFU,cv
u:hdM7,cv
u:hdR3,cv
u:hdl8,cv
u:hdpY,cv
u:heEm,cv
u:heSP,cv
u:hewp,cv
u:hezn,cv
u:hfOA,cv
u:hfuT,cv
u:hgRE,cv
u:hgTt,cv
u:hg_E,cv
u:hgjS,cv
u:hgmq,cv
u:hgxn,cv
u:hgyN,cv
u:hhDI,cv
u:hhZm,cv
u:hi9n,cv
u:hieo,cv
u:hjLs,cv
u:hjQa,cv
u:hjVf,cv
u:hjcb,cv
u:hjcv,cv
u:hjiU,cv
u:hjoS,cv
u:hjut,cv
u:hjzD,cv
u:hk6q,cv
u:hk7E,cv
u:hk7b,cv
u:hkBM,cv
u:hkDF,cv
u:hkOV,cv
u:hkiT,cv
u:hl15,cv
u:hlEw,cv
u:hlGY,cv
u:hlHE,cv
u:hlJs,cv
u:hlKQ,cv
u:hlq-,cv
u:hltu,cv
u:hm5q,cv
u:hmKo,cv
u:hmMf,cv
u:hmXx,cv
u:hmrY,cv
u:hmt-,cv
u:hmu6,cv
u:hmub,cv
u:hmvy,cv
u:hn-V,cv
u:hnZA,cv
u:hn_V,cv
u:hnxX,cv
u:ho6T,cv
u:hoSY,cv
u:hojF,cv
u:hp3F,cv
u:hp5x,cv
u:hpHk,cv
u:hpOQ,cv
u:hpZm,cv
u:hq-_,cv
u:hq-d,cv
u:hq2j,cv
u:hqBr,cv
u:hqDC,cv
u:hqIv,cv
u:hqKE,cv
u:hqod,cv
u:hqwd,cv
u:hr2Y,cv
u:hs0i,cv
u:hsNl,cv
u:hsm6,cv
u:hsmW,cv
u:hsp_,cv
u:hssh,cv
u:ht1A,cv
u:ht3G,cv
u:ht6I,cv
u:htBb,cv
u:htD2,cv
u:htX5,cv
u:hu4K,cv
u:huEm,cv
u:huJX,cv
u:huT2,cv
u:huvW,cv
u:hvao,cv
u:hvax,cv
u:hwEo,cv
u:hwQU,cv
u:hwuA,cv
u:hx6m,cv
u:hxBb,cv
u:hxDw,cv
u:hxQ2,cv
u:hxQU,cv
u:hxwl,cv
u:hy-8,cv
u:hyH_,cv
u:hySE,cv
u:hyVH,cv
u:hyoH,cv
u:hyx1,cv
u:hyyG,cv
u:hzMu,cv
u:hzQe,cv
u:hzTf,cv
u:hzZp,cv
u:hzyC,cv
u:hzzv,cv
u:i-ID,cv
u:i-Qv,cv
u:i-Ws,cv
u:i-aG,cv
u:i-pX,cv
u:i-tM,cv
u:i-v7,cv
u:i0-L,cv
u:i0-y,cv
u:i08N,cv
u:i0A5,cv
u:i0CB,cv
u:i0Cn,cv
u:i0Pi,cv
u:i0RR,cv
u:i0WY,cv
u:i0Yh,cv
u:i0dM,cv
u:i0hF,cv
u:i0hK,cv
u:i0m6,cv
u:i0nj,cv
u:i0s7,cv
u:i0yc,cv
u:i1FV,cv
u:i1W6,cv
u:i1c1,cv
u:i1cT,cv
u:i1eF,cv
u:i1ma,cv
u:i1nP,cv
u:i1o4,cv
u:i1xm,cv
u:i28y,cv
u:i29m,cv
u:i2J1,cv
u:i2ML,cv
u:i2UU,cv
u:i2YG,cv
u:i2ZZ,cv
u:i2Zo,cv
u:i2aL,cv
u:i2bS,cv
u:i2bj,cv
u:i2er,cv
u:i2fr,cv
u:i2iT,cv
u:i2ih,cv
u:i2pt,cv
u:i2zq,cv
u:i34d,cv
u:i34w,cv
u:i35H,cv
u:i388,cv
u:i3AL,cv
u:i3Gv,cv
u:i3Lj,cv
u:i3OH,cv
u:i3Pi,cv
u:i3_y,cv
u:i3cJ,cv
u:i3ee,cv
u:i3hK,cv
u:i3h_,cv
u:i3mY,cv
u:i3nB,cv
u:i3o-,cv
u:i3pM,cv
u:i3sk,cv
u:i48g,cv
u:i4C5,cv
u:i4DA,cv
u:i4G1,cv
u:i4ON,cv
u:i4UR,cv
u:i4VD,cv
u:i4XR,cv
u:i4YU,cv
u:i4bV,cv
u:i4fN,cv
u:i4fq,cv
u:i4iQ,cv
u:i4ie,cv
u:i4pT,cv
u:i4qv,cv
u:i4rh,cv
u:i4st,cv
u:i4w1,cv
u:i4wc,cv
u:i4wd,cv
u:i5-_,cv
u:i502,cv
u:i590,cv
u:i59v,cv
u:i59y,cv
u:i5Aw,cv
u:i5Jg,cv
u:i5NE,cv
u:i5Pd,cv
u:i5Sb,cv
u:i5TB,cv
u:i5Ue,cv
u:i5_I,cv
u:i5a9,cv
u:i5iA,cv
u:i5lT,cv
u:i5mm,cv
u:i5nZ,cv
u:i5nr,cv
u:i5oY,cv
u:i5xS,cv
u:i62r,cv
u:i66P,cv
u:i67z,cv
u:i69a,cv
u:i6Ax,cv
u:i6C,cv
u:i6Fd,cv
u:i6K6,cv
u:i6L6,cv
u:i6Rf,cv
u:i6Ue,cv
u:i6c4,cv
u:i6fr,cv
u:i6hI,cv
u:i6nu,cv
u:i6tt,cv
u:i6zk,cv
u:i71R,cv
u:i72t,cv
u:i7Bn,cv
u:i7ET,cv
u:i7Ii,cv
u:i7Is,cv
u:i7OJ,cv
u:i7WU,cv
u:i7Ww,cv
u:i7Xe,cv
u:i7bg,cv
u:i7gi,cv
u:i7hr,cv
u:i7wh,cv
u:i86_,cv
u:i87M,cv
u:i8CO,cv
u:i8FB,cv
u:i8Fg,cv
u:i8Fz,cv
u:i8LO,cv
u:i8QK,cv
u:i8QQ,cv
u:i8e0,cv
u:i8iK,cv
u:i8lh,cv
u:i8lu,cv
u:i8nH,cv
u:i8rX,cv
u:i8wt,cv
u:i9-i,cv
u:i94N,cv
u:i9Fr,cv
u:i9IM,cv
u:i9i7,cv
u:iA9c,cv
u:iAGH,cv
u:iANG,cv
u:iAP7,cv
u:iATN,cv
u:iAVM,cv
u:iAVQ,cv
u:iAf-,cv
u:iAlT,cv
u:iAwg,cv
u:iB00,cv
u:iB3,cv
u:iB5J,cv
u:iBDH,cv
u:iBGC,cv
u:iBIl,cv
u:iBO2,cv
u:iBTH,cv
u:iBfl,cv
u:iBkB,cv
u:iBkE,cv
u:iBnP,cv
u:iBtH,cv
u:iBtv,cv
u:iBwP,cv
u:iBxo,cv
u:iC0X,cv
u:iC1v,cv
u:iC2U,cv
u:iC79,cv
u:iCAa,cv
u:iCBM,cv
u:iCE6,cv
u:iCF6,cv
u:iCIW,cv
u:iCnZ,cv
u:iCw8,cv
u:iCwH,cv
u:iD0Y,cv
u:iD3z,cv
u:iD6B,cv
u:iDBI,cv
u:iDOe,cv
u:iDZc,cv
u:iDah,cv
u:iDcC,cv
u:iDeA,cv
u:iDhm,cv
u:iDkM,cv
u:iDoZ,cv
u:iDsi,cv
u:iDtU,cv
u:iDx5,cv
u:iE6v,cv
u:iEQD,cv
u:iEYq,cv
u:iE_q,cv
u:iEcJ,cv
u:iEgU,cv
u:iEic,cv
u:iEsb,cv
u:iEvr,cv
u:iEyD,cv
u:iF4D,cv
u:iF6I,cv
u:iFA4,cv
u:iFAm,cv
u:iFBT,cv
u:iFBX,cv
u:iFET,cv
u:iFId,cv
u:iFSM,cv
u:iFZb,cv
u:iFgh,cv
u:iFhr,cv
u:iFkc,cv
u:iFsA,cv
u:iFsG,cv
u:iFwd,cv
u:iFxz,cv
u:iGCZ,cv
u:iGFn,cv
u:iGI9,cv
u:iGLW,cv
u:iGOy,cv
u:iGUp,cv
u:iGXJ,cv
u:iGY2,cv
u:iGk,cv
u:iGmc,cv
u:iGuE,cv
u:iGvF,cv
u:iGxO,cv
u:iH3b,cv
u:iH4N,cv
u:iH7W,cv
u:iH8K,cv
u:iHHc,cv
u:iHHe,cv
u:iHKc,cv
u:iHSy,cv
u:iHUJ,cv
u:iHVg,cv
u:iHXG,cv
u:iHiv,cv
u:iHlH,cv
u:iHtC,cv
u:iHvk,cv
u:iHzH,cv
u:iI-X,cv
u:iI7Q,cv
u:iICI,cv
u:iIE1,cv
u:iIKn,cv
u:iIP9,cv
u:iIPR,cv
u:iIUK,cv
u:iId0,cv
u:iIhS,cv
u:iIpQ,cv
u:iIqQ,cv
u:iIqv,cv
u:iIsD,cv
u:iIzx,cv
u:iJ-M,cv
u:iJ44,cv
u:iJ6G,cv
u:iJ6Q,cv
u:iJI6,cv
u:iJJ4,cv
u:iJJD,cv
u:iJLS,cv
u:iJYz,cv
u:iJal,cv
u:iJc_,cv
u:iJcl,cv
u:iJkE,cv
u:iJli,cv
u:iK10,cv
u:iK4S,cv
u:iK7V,cv
u:iKHZ,cv
u:iKKN,cv
u:iKKb,cv
u:iKb8,cv
u:iKd9,cv
u:iKlQ,cv
u:iKna,cv
u:iKof,cv
u:iKpb,cv
u:iKqL,cv
u:iKrH,cv
u:iKs-,cv
u:iKtT,cv
u:iKxF,cv
u:iKzT,cv
u:iL2p,cv
u:iL3R,cv
u:iL4o,cv
u:iLBJ,cv
u:iLI8,cv
u:iLSf,cv
u:iLTY,cv
u:iLVt,cv
u:iLY6,cv
u:iLae,cv
u:iLlx,cv
u:iLqx,cv
u:iLyM,cv
u:iLyl,cv
u:iM0N,cv
u:iM1v,cv
u:iM2W,cv
u:iM4c,cv
u:iM51,cv
u:iM52,cv
u:iM9G,cv
u:iMB2,cv
u:iMEp,cv
u:iMGD,cv
u:iMHb,cv
u:iMJa,cv
u:iMJv,cv
u:iMKG,cv
u:iMWS,cv
u:iMZH,cv
u:iMZt,cv
u:iMhO,cv
u:iMhY,cv
u:iMm6,cv
u:iMmC,cv
u:iMma,cv
u:iMoL,cv
u:iMw3,cv
u:iMwq,cv
u:iN5T,cv
u:iNCJ,cv
u:iNLy,cv
u:iNNp,cv
u:iNP8,cv
u:iNPd,cv
u:iNRK,cv
u:iNRo,cv
u:iNUX,cv
u:iNUz,cv
u:iNaI,cv
u:iNhB,cv
u:iNkR,cv
u:iNoX,cv
u:iNpN,cv
u:iNt-,cv
u:iNvm,cv
u:iNxu,cv
u:iO3a,cv
u:iO42,cv
u:iO4N,cv
u:iO4k,cv
u:iO7B,cv
u:iO8r,cv
u:iO9U,cv
u:iOF6,cv
u:iOPW,cv
u:iOR4,cv
u:iOR7,cv
u:iOV7,cv
u:iOVG,cv
u:iOe6,cv
u:iOke,cv
u:iOoe,cv
u:iOt2,cv
u:iOwD,cv
u:iOy9,cv
u:iOzT,cv
u:iP0D,cv
u:iP3B,cv
u:iP4x,cv
u:iP7I,cv
u:iPGX,cv
u:iPQw,cv
u:iPU5,cv
u:iPZQ,cv
u:iPaV,cv
u:iPaj,cv
u:iPeQ,cv
u:iPg_,cv
u:iPhM,cv
u:iPiN,cv
u:iPig,cv
u:iPlg,cv
u:iPoY,cv
u:iPo_,cv
u:iPt1,cv
u:iPwc,cv
u:iPyz,cv
u:iQ2S,cv
u:iQ3c,cv
u:iQ4A,cv
u:iQ4E,cv
u:iQ5V,cv
u:iQ6T,cv
u:iQ8O,cv
u:iQBO,cv
u:iQBt,cv
u:iQEW,cv
u:iQFn,cv
u:iQHo,cv
u:iQNn,cv
u:iQQb,cv
u:iQSR,cv
u:iQZ_,cv
u:iQaq,cv
u:iQby,cv
u:iQfr,cv
u:iQh,cv
u:iQkS,cv
u:iQl5,cv
u:iQmZ,cv
u:iQo8,cv
u:iQuk,cv
u:iQvu,cv
u:iR2f,cv
u:iR4p,cv
u:iR5q,cv
u:iR9Y,cv
u:iR9e,cv
u:iRIN,cv
u:iRKl,cv
u:iRMV,cv
u:iROW,cv
u:iROm,cv
u:iRPE,cv
u:iRSV,cv
u:iRVq,cv
u:iR_Q,cv
u:iRjn,cv
u:iRkZ,cv
u:iRsF,cv
u:iRsN,cv
u:iS6s,cv
u:iSF1,cv
u:iSFU,cv
u:iSIZ,cv
u:iSIi,cv
u:iSKL,cv
u:iSMP,cv
u:iSN4,cv
u:iSNA,cv
u:iSQT,cv
u:iSTl,cv
u:iSXc,cv
u:iSaY,cv
u:iSap,cv
u:iShj,cv
u:iSkw,cv
u:iSnC,cv
u:iSq_,cv
u:iSrg,cv
u:iSsN,cv
u:iSu8,cv
u:iSuK,cv
u:iSv0,cv
u:iTMR,cv
u:iTOK,cv
u:iTON,cv
u:iTR9,cv
u:iTS_,cv
u:iTU6,cv
u:iTUC,cv
u:iTUP,cv
u:iTVf,cv
u:iTYB,cv
u:iTbo,cv
u:iTeE,cv
u:iTjA,cv
u:iTli,cv
u:iTm3,cv
u:iToX,cv
u:iTrm,cv
u:iTya,cv
u:iU6n,cv
u:iU7N,cv
u:iUDI,cv
u:iUFg,cv
u:iUFy,cv
u:iUG8,cv
u:iUMh,cv
u:iUOx,cv
u:iUPR,cv
u:iUQg,cv
u:iUVp,cv
u:iUZs,cv
u:iUah,cv
u:iUgq,cv
u:iUh9,cv
u:iUpa,cv
u:iUpc,cv
u:iUvx,cv
u:iV3d,cv
u:iV5m,cv
u:iVBA,cv
u:iVRE,cv
u:iVTK,cv
u:iVUf,cv
u:iVUx,cv
u:iVXe,cv
u:iVXv,cv
u:iV_S,cv
u:iVaK,cv
u:iVcR,cv
u:iVgU,cv
u:iVuL,cv
u:iVzj,cv
u:iW1O,cv
u:iW5H,cv
u:iW6A,cv
u:iW8k,cv
u:iWBS,cv
u:iWFX,cv
u:iWMq,cv
u:iWTI,cv
u:iWhA,cv
u:iWkS,cv
u:iWml,cv
u:iWp2,cv
u:iX1U,cv
u:iX30,cv
u:iX5l,cv
u:iX9B,cv
u:iXCq,cv
u:iXCr,cv
u:iXD4,cv
u:iXL-,cv
u:iXMC,cv
u:iXNv,cv
u:iXPn,cv
u:iXYM,cv
u:iXgQ,cv
u:iXyk,cv
u:iY1S,cv
u:iY3P,cv
u:iY4z,cv
u:iY9z,cv
u:iYBU,cv
u:iYBw,cv
u:iYCk,cv
u:iYHc,cv
u:iYJC,cv
u:iYLr,cv
u:iYM4,cv
u:iYMv,cv
u:iYX4,cv
u:iYXb,cv
u:iYfD,cv
u:iYgq,cv
u:iYhF,cv
u:iYvh,cv
u:iYw1,cv
u:iZ-2,cv
u:iZ-V,cv
u:iZ2L,cv
u:iZ7_,cv
u:iZBy,cv
u:iZGz,cv
u:iZOz,cv
u:iZTL,cv
u:iZUN,cv
u:iZWW,cv
u:iZYt,cv
u:iZa8,cv
u:iZbT,cv
u:iZjl,cv
u:iZm1,cv
u:iZmc,cv
u:iZqO,cv
u:iZs3,cv
u:iZxS,cv
u:i_JC,cv
u:i_LL,cv
u:i_NV,cv
u:i_VX,cv
u:i_X1,cv
u:i_YJ,cv
u:i_ah,cv
u:i_bT,cv
u:i_sg,cv
u:iaBa,cv
u:iaGE,cv
u:iaoT,cv
u:iat5,cv
u:iau6,cv
u:ib8V,cv
u:ibCm,cv
u:ibFa,cv
u:ibNo,cv
u:ibYN,cv
u:ib__,cv
u:ibcU,cv
u:ibd-,cv
u:ibly,cv
u:ibpT,cv
u:ibrJ,cv
u:icLu,cv
u:icUJ,cv
u:icWQ,cv
u:iciG,cv
u:icmM,cv
u:icsV,cv
u:id-T,cv
u:idHY,cv
u:idTk,cv
u:iddS,cv
u:ideW,cv
u:idlu,cv
u:idwq,cv
u:ieF6,cv
u:ieIl,cv
u:ieJL,cv
u:ieXi,cv
u:ieZS,cv
u:ie_N,cv
u:iejR,cv
u:ieqn,cv
u:ier7,cv
u:ieso,cv
u:ieyl,cv
u:if-5,cv
u:if1z,cv
u:if5b,cv
u:ifHC,cv
u:ifWl,cv
u:ifXA,cv
u:ifYd,cv
u:ifdB,cv
u:ifdH,cv
u:ifks,cv
u:iflT,cv
u:ifs3,cv
u:ifwl,cv
u:igED,cv
u:igH1,cv
u:igLP,cv
u:igPm,cv
u:igVz,cv
u:igWS,cv
u:igad,cv
u:igg-,cv
u:iggQ,cv
u:igim,cv
u:igja,cv
u:igm3,cv
u:igpL,cv
u:ih13,cv
u:ih1J,cv
u:ih2L,cv
u:ih5v,cv
u:ih8J,cv
u:ihMi,cv
u:ihhg,cv
u:ihqw,cv
u:ii3T,cv
u:ii6N,cv
u:iiAt,cv
u:iiJM,cv
u:iiMi,cv
u:iiVS,cv
u:iijy,cv
u:iim9,cv
u:iis9,cv
u:iizO,cv
u:ijIA,cv
u:ijPn,cv
u:ijQz,cv
u:ijTG,cv
u:ijUv,cv
u:ijWM,cv
u:ij_q,cv
u:ija_,cv
u:ijpd,cv
u:ijvU,cv
u:ijyd,cv
u:ikAZ,cv
u:ikBs,cv
u:ikdc,cv
u:ikeH,cv
u:ikoW,cv
u:il0M,cv
u:il0j,cv
u:il6U,cv
u:il9T,cv
u:ilH7,cv
u:ilhL,cv
u:ilje,cv
u:illj,cv
u:ilnF,cv
u:ilpT,cv
u:ilxv,cv
u:ilyu,cv
u:im6i,cv
u:im77,cv
u:imIj,cv
u:imPk,cv
u:imhx,cv
u:imnE,cv
u:imvy,cv
u:inBD,cv
u:inH0,cv
u:inH4,cv
u:inSG,cv
u:inpq,cv
u:inve,cv
u:io2p,cv
u:io5p,cv
u:io6e,cv
u:io8j,cv
u:io9g,cv
u:ioJh,cv
u:ioNj,cv
u:ioV7,cv
u:ioWI,cv
u:ioYQ,cv
u:ip48,cv
u:ipBa,cv
u:ipEU,cv
u:ipGK,cv
u:ipGr,cv
u:ipWT,cv
u:ipbg,cv
u:ipbm,cv
u:ipiZ,cv
u:ipkc,cv
u:iqBG,cv
u:iqRY,cv
u:iqbI,cv
u:iqlu,cv
u:iqx9,cv
u:iqye,cv
u:irAa,cv
u:irIF,cv
u:irIN,cv
u:irNG,cv
u:irUi,cv
u:irVT,cv
u:irhL,cv
u:is1-,cv
u:isC_,cv
u:isIU,cv
u:isMJ,cv
u:isMV,cv
u:isOB,cv
u:isic,cv
u:it2N,cv
u:it91,cv
u:itBF,cv
u:itjc,cv
u:iu4W,cv
u:iu6w,cv
u:iu7o,cv
u:iu9L,cv
u:iuEM,cv
u:iuEq,cv
u:iuHa,cv
u:iuPv,cv
u:iuTW,cv
u:iuYJ,cv
u:iuYY,cv
u:iuem,cv
u:iuqZ,cv
u:iuw8,cv
u:ivQ3,cv
u:ivUx,cv
u:ivYr,cv
u:ivcv,cv
u:ivdm,cv
u:ivvG,cv
u:iw0G,cv
u:iw0J,cv
u:iw45,cv
u:iw5-,cv
u:iwW-,cv
u:iwWk,cv
u:iwY4,cv
u:iwch,cv
u:iwqi,cv
u:iwwj,cv
u:ix2N,cv
u:ix6B,cv
u:ixCp,cv
u:ixDT,cv
u:ixIl,cv
u:ixML,cv
u:ixOP,cv
u:ixTe,cv
u:ixXu,cv
u:ixlD,cv
u:ixmF,cv
u:ixw2,cv
u:ixwY,cv
u:ixyi,cv
u:iyC1,cv
u:iyC7,cv
u:iyCu,cv
u:iyMf,cv
u:iyad,cv
u:iyn9,cv
u:iz7x,cv
u:izDM,cv
u:izjN,cv
u:izmP,cv
u:izzK,cv
u:izzr,cv
u:jLq,cv
u:ja6P,cv
u:ja6u,cv
u:ja7Q,cv
u:jaGx,cv
u:jaHK,cv
u:jaHu,cv
u:jaLX,cv
u:jaN_,cv
u:jaXU,cv
u:jae3,cv
u:janV,cv
u:janh,cv
u:jaqO,cv
u:jb-3,cv
u:jb7Q,cv
u:jbFc,cv
u:jbMy,cv
u:jbNc,cv
u:jbNm,cv
u:jbS9,cv
u:jbUs,cv
u:jb_z,cv
u:jbg_,cv
u:jboe,cv
u:jbqM,cv
u:jbrR,cv
u:jbxQ,cv
u:jcDR,cv
u:jcDn,cv
u:jcMp,cv
u:jcXq,cv
u:jcat,cv
u:jccH,cv
u:jch5,cv
u:jcnF,cv
u:jcvx,cv
u:jdPM,cv
u:jdUO,cv
u:jdZv,cv
u:jdbE,cv
u:jdhT,cv
u:jdiM,cv
u:je9F,cv
u:jeh3,cv
u:jeta,cv
u:jf5T,cv
u:jfPm,cv
u:jfgL,cv
u:jfkr,cv
u:jfoG,cv
u:jfqf,cv
u:jfzI,cv
u:jg7E,cv
u:jgkW,cv
u:jhtd,cv
u:jhwb,cv
u:k6F,cv
u:k_k,cv
u:kul,cv
u:lrz,cv
u:mQ_,cv
u:mba,cv
u:nWk,cv
u:nwq,cv
u:oAM,cv
u:oot,cv
u:qJD,cv
u:rGZ,cv
u:rvg,cv
u:s-W,cv
u:t9r,cv
u:tDX,cv
u:tX0,cv
u:uA8,cv
u:wBu,cv
u:wpZ,cv
u:wwU,cv
u:yOF,cv
u:ytk,cv
u:z3L,cv
u:z8b,cv
u:zG0,cv
u:zT8,cv
